u-0,unknown,web_406
u-1,unknown,web_406
u-2,unknown,web_406
u-3,unknown,web_406
u-4,unknown,web_406
u-5,unknown,web_406
u-6,available,web_404
u-7,unknown,web_406
u-8,unknown,web_406
u-9,unknown,web_406
u-a,unknown,web_406
u-b,unknown,web_406
u-c,unknown,web_406
u-d,unknown,web_406
u-e,unknown,web_406
u-f,unknown,web_406
u-g,unknown,web_406
u-h,unknown,web_406
u-i,unknown,web_406
u-j,unknown,web_406
u-k,unknown,web_406
u-l,unknown,web_406
u-m,unknown,web_406
u-n,unknown,web_406
u-o,unknown,web_406
u-p,unknown,web_406
u-q,unknown,web_406
u-r,unknown,web_406
u-s,unknown,web_406
u-t,unknown,web_406
u-u,available,web_404
u-v,unknown,web_406
u-w,unknown,web_406
u-x,unknown,web_406
u-y,unknown,web_406
u-z,unknown,web_406
u00,unknown,web_406
u01,unknown,web_406
u02,unknown,web_406
u03,unknown,web_406
u04,unknown,web_406
u05,unknown,web_406
u06,available,web_404
u07,unknown,web_406
u08,unknown,web_406
u09,available,web_404
u0a,unknown,web_406
u0b,unknown,web_406
u0c,unknown,web_406
u0d,unknown,web_406
u0e,unknown,web_406
u0f,unknown,web_406
u0g,unknown,web_406
u0h,unknown,web_406
u0i,available,web_404
u0j,available,web_404
u0k,unknown,web_406
u0l,available,web_404
u0m,unknown,web_406
u0n,unknown,web_406
u0o,unknown,web_406
u0p,unknown,web_406
u0q,unknown,web_406
u0r,unknown,web_406
u0s,unknown,web_406
u0t,available,web_404
u0u,unknown,web_406
u0v,unknown,web_406
u0w,available,web_404
u0x,unknown,web_406
u0y,available,web_404
u0z,unknown,web_406
u10,unknown,web_406
u11,unknown,web_406
u12,available,web_404
u13,unknown,web_406
u14,unknown,web_406
u15,available,web_404
u16,unknown,web_406
u17,unknown,web_406
u18,available,web_404
u19,unknown,web_406
u1a,unknown,web_406
u1b,available,web_404
u1c,unknown,web_406
u1d,unknown,web_406
u1e,unknown,web_406
u1f,unknown,web_406
u1g,available,web_404
u1h,available,web_404
u1i,unknown,web_406
u1j,available,web_404
u1k,unknown,web_406
u1l,unknown,web_406
u1m,unknown,web_406
u1n,available,web_404
u1o,unknown,web_406
u1p,unknown,web_406
u1q,available,web_404
u1r,unknown,web_406
u1s,unknown,web_406
u1t,unknown,web_406
u1u,unknown,web_406
u1v,unknown,web_406
u1w,unknown,web_406
u1x,unknown,web_406
u1y,unknown,web_406
u1z,unknown,web_406
u20,unknown,web_406
u21,unknown,web_406
u22,unknown,web_406
u23,unknown,web_406
u24,unknown,web_406
u25,unknown,web_406
u26,unknown,web_406
u27,unknown,web_406
u28,unknown,web_406
u29,unknown,web_406
u2a,unknown,web_406
u2b,unknown,web_406
u2c,unknown,web_406
u2d,unknown,web_406
u2e,available,web_404
u2f,available,web_404
u2g,unknown,web_406
u2h,unknown,web_406
u2i,unknown,web_406
u2j,unknown,web_406
u2k,unknown,web_406
u2l,unknown,web_406
u2m,unknown,web_406
u2n,unknown,web_406
u2o,unknown,web_406
u2p,unknown,web_406
u2q,available,web_404
u2r,unknown,web_406
u2s,unknown,web_406
u2t,unknown,web_406
u2u,unknown,web_406
u2v,unknown,web_406
u2w,unknown,web_406
u2x,unknown,web_406
u2y,unknown,web_406
u2z,unknown,web_406
u30,unknown,web_406
u31,unknown,web_406
u32,unknown,web_406
u33,unknown,web_406
u34,unknown,web_406
u35,unknown,web_406
u36,unknown,web_406
u37,unknown,web_406
u38,unknown,web_406
u39,unknown,web_406
u3a,unknown,web_406
u3b,unknown,web_406
u3c,unknown,web_406
u3d,unknown,web_406
u3e,available,web_404
u3f,unknown,web_406
u3g,unknown,web_406
u3h,unknown,web_406
u3i,available,web_404
u3j,available,web_404
u3k,unknown,web_406
u3l,unknown,web_406
u3m,unknown,web_406
u3n,unknown,web_406
u3o,unknown,web_406
u3p,available,web_404
u3q,unknown,web_406
u3r,unknown,web_406
u3s,unknown,web_406
u3t,unknown,web_406
u3u,unknown,web_406
u3v,unknown,web_406
u3w,unknown,web_406
u3x,unknown,web_406
u3y,unknown,web_406
u3z,unknown,web_406
u40,unknown,web_406
u41,unknown,web_406
u42,unknown,web_406
u43,unknown,web_406
u44,unknown,web_406
u45,unknown,web_406
u46,unknown,web_406
u47,unknown,web_406
u48,unknown,web_406
u49,unknown,web_406
u4a,unknown,web_406
u4b,unknown,web_406
u4c,unknown,web_406
u4d,unknown,web_406
u4e,unknown,web_406
u4f,unknown,web_406
u4g,unknown,web_406
u4h,unknown,web_406
u4i,unknown,web_406
u4j,unknown,web_406
u4k,unknown,web_406
u4l,unknown,web_406
u4m,available,web_404
u4n,unknown,web_406
u4o,unknown,web_406
u4p,available,web_404
u4q,unknown,web_406
u4r,available,web_404
u4s,unknown,web_406
u4t,unknown,web_406
u4u,unknown,web_406
u4v,unknown,web_406
u4w,available,web_404
u4x,available,web_404
u4y,available,web_404
u4z,unknown,web_406
u50,unknown,web_406
u51,unknown,web_406
u52,unknown,web_406
u53,unknown,web_406
u54,unknown,web_406
u55,unknown,web_406
u56,unknown,web_406
u57,unknown,web_406
u58,unknown,web_406
u59,unknown,web_406
u5a,unknown,web_406
u5b,unknown,web_406
u5c,available,web_404
u5d,available,web_404
u5e,unknown,web_406
u5f,unknown,web_406
u5g,unknown,web_406
u5h,unknown,web_406
u5i,available,web_404
u5j,unknown,web_406
u5k,unknown,web_406
u5l,available,web_404
u5m,available,web_404
u5n,unknown,web_406
u5o,available,web_404
u5p,available,web_404
u5q,available,web_404
u5r,unknown,web_406
u5s,unknown,web_406
u5t,unknown,web_406
u5u,unknown,web_406
u5v,unknown,web_406
u5w,unknown,web_406
u5x,unknown,web_406
u5y,available,web_404
u5z,unknown,web_406
u60,unknown,web_406
u61,unknown,web_406
u62,unknown,web_406
u63,unknown,web_406
u64,unknown,web_406
u65,unknown,web_406
u66,unknown,web_406
u67,unknown,web_406
u68,unknown,web_406
u69,available,web_404
u6a,unknown,web_406
u6b,available,web_404
u6c,unknown,web_406
u6d,available,web_404
u6e,unknown,web_406
u6f,unknown,web_406
u6g,unknown,web_406
u6h,unknown,web_406
u6i,unknown,web_406
u6j,available,web_404
u6k,unknown,web_406
u6l,available,web_404
u6m,unknown,web_406
u6n,unknown,web_406
u6o,available,web_404
u6p,unknown,web_406
u6q,available,web_404
u6r,unknown,web_406
u6s,available,web_404
u6t,available,web_404
u6u,unknown,web_406
u6v,unknown,web_406
u6w,unknown,web_406
u6x,available,web_404
u6y,unknown,web_406
u6z,available,web_404
u70,unknown,web_406
u71,unknown,web_406
u72,unknown,web_406
u73,unknown,web_406
u74,unknown,web_406
u75,unknown,web_406
u76,unknown,web_406
u77,unknown,web_406
u78,available,web_404
u79,unknown,web_406
u7a,unknown,web_406
u7b,unknown,web_406
u7c,unknown,web_406
u7d,available,web_404
u7e,available,web_404
u7f,unknown,web_406
u7g,unknown,web_406
u7h,unknown,web_406
u7i,unknown,web_406
u7j,unknown,web_406
u7k,unknown,web_406
u7l,unknown,web_406
u7m,unknown,web_406
u7n,available,web_404
u7o,unknown,web_406
u7p,unknown,web_406
u7q,unknown,web_406
u7r,unknown,web_406
u7s,unknown,web_406
u7t,available,web_404
u7u,available,web_404
u7v,unknown,web_406
u7w,unknown,web_406
u7x,available,web_404
u7y,available,web_404
u7z,unknown,web_406
u80,unknown,web_406
u81,unknown,web_406
u82,unknown,web_406
u83,unknown,web_406
u84,unknown,web_406
u85,unknown,web_406
u86,unknown,web_406
u87,unknown,web_406
u88,available,web_404
u89,unknown,web_406
u8a,unknown,web_406
u8b,available,web_404
u8c,unknown,web_406
u8d,available,web_404
u8e,unknown,web_406
u8f,available,web_404
u8g,unknown,web_406
u8h,unknown,web_406
u8i,unknown,web_406
u8j,available,web_404
u8k,unknown,web_406
u8l,unknown,web_406
u8m,unknown,web_406
u8n,unknown,web_406
u8o,unknown,web_406
u8p,unknown,web_406
u8q,available,web_404
u8r,available,web_404
u8s,unknown,web_406
u8t,available,web_404
u8u,unknown,web_406
u8v,unknown,web_406
u8w,available,web_404
u8x,unknown,web_406
u8y,unknown,web_406
u8z,unknown,web_406
u90,unknown,web_406
u91,unknown,web_406
u92,unknown,web_406
u93,unknown,web_406
u94,unknown,web_406
u95,unknown,web_406
u96,unknown,web_406
u97,unknown,web_406
u98,unknown,web_406
u99,unknown,web_406
u9a,available,web_404
u9b,unknown,web_406
u9c,available,web_404
u9d,unknown,web_406
u9e,unknown,web_406
u9f,unknown,web_406
u9g,unknown,web_406
u9h,unknown,web_406
u9i,available,web_404
u9j,unknown,web_406
u9k,unknown,web_406
u9l,available,web_404
u9m,unknown,web_406
u9n,unknown,web_406
u9o,unknown,web_406
u9p,available,web_404
u9q,unknown,web_406
u9r,available,web_404
u9s,available,web_404
u9t,unknown,web_406
u9u,unknown,web_406
u9v,unknown,web_406
u9w,available,web_404
u9x,available,web_404
u9y,unknown,web_406
u9z,available,web_404
ua0,unknown,web_406
ua1,unknown,web_406
ua2,unknown,web_406
ua3,unknown,web_406
ua4,unknown,web_406
ua5,unknown,web_406
ua6,available,web_404
ua7,unknown,web_406
ua8,available,web_404
ua9,unknown,web_406
uaa,unknown,web_406
uab,unknown,web_406
uac,unknown,web_406
uad,unknown,web_406
uae,unknown,web_406
uaf,unknown,web_406
uag,unknown,web_406
uah,unknown,web_406
uai,unknown,web_406
uaj,unknown,web_406
uak,unknown,web_406
ual,unknown,web_406
uam,unknown,web_406
uan,unknown,web_406
uao,unknown,web_406
uap,unknown,web_406
uaq,unknown,web_406
uar,unknown,web_406
uas,unknown,web_406
uat,unknown,web_406
uau,available,web_404
uav,unknown,web_406
uaw,unknown,web_406
uax,unknown,web_406
uay,unknown,web_406
uaz,unknown,web_406
ub0,unknown,web_406
ub1,unknown,web_406
ub2,unknown,web_406
ub3,unknown,web_406
ub4,unknown,web_406
ub5,unknown,web_406
ub6,unknown,web_406
ub7,unknown,web_406
ub8,available,web_404
ub9,unknown,web_406
uba,unknown,web_406
ubb,unknown,web_406
ubc,unknown,web_406
ubd,unknown,web_406
ube,unknown,web_406
ubf,unknown,web_406
ubg,unknown,web_406
ubh,unknown,web_406
ubi,unknown,web_406
ubj,unknown,web_406
ubk,unknown,web_406
ubl,unknown,web_406
ubm,unknown,web_406
ubn,unknown,web_406
ubo,unknown,web_406
ubp,unknown,web_406
ubq,unknown,web_406
ubr,unknown,web_406
ubs,unknown,web_406
ubt,unknown,web_406
ubu,unknown,web_406
ubv,unknown,web_406
ubw,unknown,web_406
ubx,unknown,web_406
uby,unknown,web_406
ubz,unknown,web_406
uc0,unknown,web_406
uc1,unknown,web_406
uc2,unknown,web_406
uc3,unknown,web_406
uc4,unknown,web_406
uc5,unknown,web_406
uc6,unknown,web_406
uc7,unknown,web_406
uc8,unknown,web_406
uc9,unknown,web_406
uca,unknown,web_406
ucb,unknown,web_406
ucc,unknown,web_406
ucd,unknown,web_406
uce,unknown,web_406
ucf,unknown,web_406
ucg,unknown,web_406
uch,unknown,web_406
uci,unknown,web_406
ucj,available,web_404
uck,unknown,web_406
ucl,unknown,web_406
ucm,unknown,web_406
ucn,unknown,web_406
uco,unknown,web_406
ucp,unknown,web_406
ucq,unknown,web_406
ucr,unknown,web_406
ucs,unknown,web_406
uct,unknown,web_406
ucu,unknown,web_406
ucv,unknown,web_406
ucw,unknown,web_406
ucx,unknown,web_406
ucy,unknown,web_406
ucz,unknown,web_406
ud0,unknown,web_406
ud1,unknown,web_406
ud2,unknown,web_406
ud3,unknown,web_406
ud4,unknown,web_406
ud5,unknown,web_406
ud6,unknown,web_406
ud7,unknown,web_406
ud8,available,web_404
ud9,available,web_404
uda,unknown,web_406
udb,unknown,web_406
udc,unknown,web_406
udd,unknown,web_406
ude,unknown,web_406
udf,unknown,web_406
udg,unknown,web_406
udh,unknown,web_406
udi,unknown,web_406
udj,unknown,web_406
udk,unknown,web_406
udl,unknown,web_406
udm,unknown,web_406
udn,unknown,web_406
udo,unknown,web_406
udp,unknown,web_406
udq,unknown,web_406
udr,unknown,web_406
uds,unknown,web_406
udt,unknown,web_406
udu,unknown,web_406
udv,unknown,web_406
udw,unknown,web_406
udx,unknown,web_406
udy,unknown,web_406
udz,unknown,web_406
ue0,unknown,web_406
ue1,unknown,web_406
ue2,unknown,web_406
ue3,unknown,web_406
ue4,unknown,web_406
ue5,unknown,web_406
ue6,unknown,web_406
ue7,unknown,web_406
ue8,unknown,web_406
ue9,unknown,web_406
uea,unknown,web_406
ueb,unknown,web_406
uec,unknown,web_406
ued,unknown,web_406
uee,unknown,web_406
uef,unknown,web_406
ueg,unknown,web_406
ueh,unknown,web_406
uei,unknown,web_406
uej,unknown,web_406
uek,unknown,web_406
uel,unknown,web_406
uem,unknown,web_406
uen,unknown,web_406
ueo,unknown,web_406
uep,unknown,web_406
ueq,unknown,web_406
uer,unknown,web_406
ues,unknown,web_406
uet,unknown,web_406
ueu,available,web_404
uev,unknown,web_406
uew,unknown,web_406
uex,unknown,web_406
uey,unknown,web_406
uez,unknown,web_406
uf0,unknown,web_406
uf1,available,web_404
uf2,unknown,web_406
uf3,unknown,web_406
uf4,unknown,web_406
uf5,unknown,web_406
uf6,unknown,web_406
uf7,unknown,web_406
uf8,unknown,web_406
uf9,unknown,web_406
ufa,unknown,web_406
ufb,unknown,web_406
ufc,unknown,web_406
ufd,unknown,web_406
ufe,unknown,web_406
uff,unknown,web_406
ufg,unknown,web_406
ufh,unknown,web_406
ufi,unknown,web_406
ufj,unknown,web_406
ufk,unknown,web_406
ufl,unknown,web_406
ufm,unknown,web_406
ufn,unknown,web_406
ufo,unknown,web_406
ufp,unknown,web_406
ufq,unknown,web_406
ufr,unknown,web_406
ufs,unknown,web_406
uft,unknown,web_406
ufu,available,web_404
ufv,unknown,web_406
ufw,unknown,web_406
ufx,unknown,web_406
ufy,unknown,web_406
ufz,unknown,web_406
ug0,unknown,web_406
ug1,unknown,web_406
ug2,unknown,web_406
ug3,unknown,web_406
ug4,unknown,web_406
ug5,unknown,web_406
ug6,unknown,web_406
ug7,unknown,web_406
ug8,unknown,web_406
ug9,unknown,web_406
uga,unknown,web_406
ugb,unknown,web_406
ugc,unknown,web_406
ugd,unknown,web_406
uge,unknown,web_406
ugf,unknown,web_406
ugg,unknown,web_406
ugh,unknown,web_406
ugi,unknown,web_406
ugj,unknown,web_406
ugk,unknown,web_406
ugl,unknown,web_406
ugm,unknown,web_406
ugn,unknown,web_406
ugo,unknown,web_406
ugp,unknown,web_406
ugq,unknown,web_406
ugr,unknown,web_406
ugs,unknown,web_406
ugt,unknown,web_406
ugu,unknown,web_406
ugv,unknown,web_406
ugw,unknown,web_406
ugx,unknown,web_406
ugy,unknown,web_406
ugz,unknown,web_406
uh0,unknown,web_406
uh1,unknown,web_406
uh2,unknown,web_406
uh3,unknown,web_406
uh4,unknown,web_406
uh5,available,web_404
uh6,unknown,web_406
uh7,available,web_404
uh8,available,web_404
uh9,unknown,web_406
uha,unknown,web_406
uhb,unknown,web_406
uhc,unknown,web_406
uhd,unknown,web_406
uhe,unknown,web_406
uhf,unknown,web_406
uhg,unknown,web_406
uhh,unknown,web_406
uhi,unknown,web_406
uhj,unknown,web_406
uhk,unknown,web_406
uhl,unknown,web_406
uhm,unknown,web_406
uhn,unknown,web_406
uho,unknown,web_406
uhp,unknown,web_406
uhq,unknown,web_406
uhr,unknown,web_406
uhs,unknown,web_406
uht,unknown,web_406
uhu,unknown,web_406
uhv,unknown,web_406
uhw,unknown,web_406
uhx,unknown,web_406
uhy,unknown,web_406
uhz,unknown,web_406
ui0,unknown,web_406
ui1,unknown,web_406
ui2,unknown,web_406
ui3,unknown,web_406
ui4,unknown,web_406
ui5,unknown,web_406
ui6,available,web_404
ui7,unknown,web_406
ui8,unknown,web_406
ui9,unknown,web_406
uia,unknown,web_406
uib,unknown,web_406
uic,unknown,web_406
uid,unknown,web_406
uie,unknown,web_406
uif,unknown,web_406
uig,unknown,web_406
uih,unknown,web_406
uii,unknown,web_406
uij,unknown,web_406
uik,unknown,web_406
uil,unknown,web_406
uim,unknown,web_406
uin,unknown,web_406
uio,unknown,web_406
uip,unknown,web_406
uiq,unknown,web_406
uir,unknown,web_406
uis,unknown,web_406
uit,unknown,web_406
uiu,unknown,web_406
uiv,unknown,web_406
uiw,unknown,web_406
uix,unknown,web_406
uiy,unknown,web_406
uiz,unknown,web_406
uj0,unknown,web_406
uj1,unknown,web_406
uj2,unknown,web_406
uj3,unknown,web_406
uj4,available,web_404
uj5,unknown,web_406
uj6,available,web_404
uj7,unknown,web_406
uj8,unknown,web_406
uj9,unknown,web_406
uja,unknown,web_406
ujb,unknown,web_406
ujc,unknown,web_406
ujd,unknown,web_406
uje,unknown,web_406
ujf,unknown,web_406
ujg,unknown,web_406
ujh,unknown,web_406
uji,unknown,web_406
ujj,unknown,web_406
ujk,unknown,web_406
ujl,unknown,web_406
ujm,unknown,web_406
ujn,unknown,web_406
ujo,unknown,web_406
ujp,unknown,web_406
ujq,unknown,web_406
ujr,unknown,web_406
ujs,unknown,web_406
ujt,unknown,web_406
uju,unknown,web_406
ujv,unknown,web_406
ujw,unknown,web_406
ujx,unknown,web_406
ujy,unknown,web_406
ujz,unknown,web_406
uk0,unknown,web_406
uk1,unknown,web_406
uk2,unknown,web_406
uk3,unknown,web_406
uk4,unknown,web_406
uk5,unknown,web_406
uk6,unknown,web_406
uk7,unknown,web_406
uk8,unknown,web_406
uk9,unknown,web_406
uka,unknown,web_406
ukb,unknown,web_406
ukc,unknown,web_406
ukd,unknown,web_406
uke,unknown,web_406
ukf,unknown,web_406
ukg,unknown,web_406
ukh,unknown,web_406
uki,unknown,web_406
ukj,unknown,web_406
ukk,unknown,web_406
ukl,unknown,web_406
ukm,unknown,web_406
ukn,unknown,web_406
uko,unknown,web_406
ukp,unknown,web_406
ukq,unknown,web_406
ukr,unknown,web_406
uks,unknown,web_406
ukt,unknown,web_406
uku,unknown,web_406
ukv,unknown,web_406
ukw,unknown,web_406
ukx,unknown,web_406
uky,unknown,web_406
ukz,unknown,web_406
ul0,unknown,web_406
ul1,unknown,web_406
ul2,unknown,web_406
ul3,unknown,web_406
ul4,unknown,web_406
ul5,unknown,web_406
ul6,available,web_404
ul7,unknown,web_406
ul8,unknown,web_406
ul9,available,web_404
ula,unknown,web_406
ulb,unknown,web_406
ulc,unknown,web_406
uld,unknown,web_406
ule,unknown,web_406
ulf,unknown,web_406
ulg,unknown,web_406
ulh,unknown,web_406
uli,unknown,web_406
ulj,unknown,web_406
ulk,unknown,web_406
ull,unknown,web_406
ulm,unknown,web_406
uln,unknown,web_406
ulo,unknown,web_406
ulp,unknown,web_406
ulq,unknown,web_406
ulr,unknown,web_406
uls,unknown,web_406
ult,unknown,web_406
ulu,unknown,web_406
ulv,unknown,web_406
ulw,unknown,web_406
ulx,unknown,web_406
uly,unknown,web_406
ulz,unknown,web_406
um0,unknown,web_406
um1,unknown,web_406
um2,unknown,web_406
um3,unknown,web_406
um4,unknown,web_406
um5,unknown,web_406
um6,unknown,web_406
um7,unknown,web_406
um8,unknown,web_406
um9,unknown,web_406
uma,unknown,web_406
umb,unknown,web_406
umc,unknown,web_406
umd,unknown,web_406
ume,unknown,web_406
umf,unknown,web_406
umg,taken,web_200
umh,unknown,web_406
umi,unknown,web_406
umj,unknown,web_406
umk,unknown,web_406
uml,unknown,web_406
umm,unknown,web_406
umn,unknown,web_406
umo,unknown,web_406
ump,unknown,web_406
umq,unknown,web_406
umr,unknown,web_406
ums,unknown,web_406
umt,unknown,web_406
umu,unknown,web_406
umv,unknown,web_406
umw,unknown,web_406
umx,unknown,web_406
umy,unknown,web_406
umz,unknown,web_406
un0,unknown,web_406
un1,unknown,web_406
un2,unknown,web_406
un3,unknown,web_406
un4,available,web_404
un5,available,web_404
un6,unknown,web_406
un7,unknown,web_406
un8,unknown,web_406
un9,unknown,web_406
una,unknown,web_406
unb,unknown,web_406
unc,unknown,web_406
und,unknown,web_406
une,unknown,web_406
unf,unknown,web_406
ung,unknown,web_406
unh,unknown,web_406
uni,unknown,web_406
unj,unknown,web_406
unk,unknown,web_406
unl,unknown,web_406
unm,unknown,web_406
unn,unknown,web_406
uno,unknown,web_406
unp,unknown,web_406
unq,unknown,web_406
unr,unknown,web_406
uns,unknown,web_406
unt,unknown,web_406
unu,unknown,web_406
unv,unknown,web_406
unw,available,web_404
unx,unknown,web_406
uny,unknown,web_406
unz,unknown,web_406
uo0,unknown,web_406
uo1,unknown,web_406
uo2,available,web_404
uo3,unknown,web_406
uo4,unknown,web_406
uo5,unknown,web_406
uo6,available,web_404
uo7,unknown,web_406
uo8,available,web_404
uo9,available,web_404
uoa,unknown,web_406
uob,unknown,web_406
uoc,unknown,web_406
uod,unknown,web_406
uoe,unknown,web_406
uof,unknown,web_406
uog,unknown,web_406
uoh,unknown,web_406
uoi,unknown,web_406
uoj,unknown,web_406
uok,unknown,web_406
uol,unknown,web_406
uom,unknown,web_406
uon,unknown,web_406
uoo,unknown,web_406
uop,unknown,web_406
uoq,unknown,web_406
uor,unknown,web_406
uos,unknown,web_406
uot,unknown,web_406
uou,unknown,web_406
uov,unknown,web_406
uow,unknown,web_406
uox,unknown,web_406
uoy,unknown,web_406
uoz,unknown,web_406
up0,unknown,web_406
up1,unknown,web_406
up2,unknown,web_406
up3,unknown,web_406
up4,unknown,web_406
up5,unknown,web_406
up6,unknown,web_406
up7,unknown,web_406
up8,unknown,web_406
up9,unknown,web_406
upa,unknown,web_406
upb,unknown,web_406
upc,unknown,web_406
upd,unknown,web_406
upe,unknown,web_406
upf,unknown,web_406
upg,unknown,web_406
uph,unknown,web_406
upi,unknown,web_406
upj,unknown,web_406
upk,available,web_404
upl,unknown,web_406
upm,unknown,web_406
upn,unknown,web_406
upo,unknown,web_406
upp,unknown,web_406
upq,unknown,web_406
upr,unknown,web_406
ups,unknown,web_406
upt,unknown,web_406
upu,unknown,web_406
upv,unknown,web_406
upw,unknown,web_406
upx,unknown,web_406
upy,unknown,web_406
upz,unknown,web_406
uq0,unknown,web_406
uq1,unknown,web_406
uq2,available,web_404
uq3,available,web_404
uq4,available,web_404
uq5,available,web_404
uq6,unknown,web_406
uq7,unknown,web_406
uq8,unknown,web_406
uq9,unknown,web_406
uqa,unknown,web_406
uqb,unknown,web_406
uqc,unknown,web_406
uqd,unknown,web_406
uqe,unknown,web_406
uqf,unknown,web_406
uqg,unknown,web_406
uqh,unknown,web_406
uqi,unknown,web_406
uqj,unknown,web_406
uqk,unknown,web_406
uql,unknown,web_406
uqm,unknown,web_406
uqn,unknown,web_406
uqo,unknown,web_406
uqp,unknown,web_406
uqq,unknown,web_406
uqr,unknown,web_406
uqs,unknown,web_406
uqt,unknown,web_406
uqu,unknown,web_406
uqv,unknown,web_406
uqw,unknown,web_406
uqx,unknown,web_406
uqy,available,web_404
uqz,unknown,web_406
ur0,unknown,web_406
ur1,unknown,web_406
ur2,unknown,web_406
ur3,unknown,web_406
ur4,unknown,web_406
ur5,unknown,web_406
ur6,unknown,web_406
ur7,unknown,web_406
ur8,unknown,web_406
ur9,unknown,web_406
ura,unknown,web_406
urb,unknown,web_406
urc,unknown,web_406
urd,unknown,web_406
ure,unknown,web_406
urf,unknown,web_406
urg,unknown,web_406
urh,unknown,web_406
uri,unknown,web_406
urj,unknown,web_406
urk,unknown,web_406
url,unknown,web_406
urm,unknown,web_406
urn,unknown,web_406
uro,unknown,web_406
urp,unknown,web_406
urq,unknown,web_406
urr,available,web_404
urs,unknown,web_406
urt,unknown,web_406
uru,unknown,web_406
urv,unknown,web_406
urw,unknown,web_406
urx,unknown,web_406
ury,unknown,web_406
urz,unknown,web_406
us0,unknown,web_406
us1,unknown,web_406
us2,unknown,web_406
us3,unknown,web_406
us4,unknown,web_406
us5,unknown,web_406
us6,unknown,web_406
us7,unknown,web_406
us8,unknown,web_406
us9,unknown,web_406
usa,unknown,web_406
usb,unknown,web_406
usc,unknown,web_406
usd,unknown,web_406
use,unknown,web_406
username,status,reason
usf,unknown,web_406
usg,unknown,web_406
ush,unknown,web_406
usi,unknown,web_406
usj,unknown,web_406
usk,unknown,web_406
usl,unknown,web_406
usm,unknown,web_406
usn,unknown,web_406
uso,unknown,web_406
usp,unknown,web_406
usq,unknown,web_406
usr,unknown,web_406
uss,unknown,web_406
ust,unknown,web_406
usu,unknown,web_406
usv,unknown,web_406
usw,unknown,web_406
usx,unknown,web_406
usy,unknown,web_406
usz,unknown,web_406
ut0,unknown,web_406
ut1,unknown,web_406
ut2,unknown,web_406
ut3,unknown,web_406
ut4,unknown,web_406
ut5,unknown,web_406
ut6,available,web_404
ut7,unknown,web_406
ut8,unknown,web_406
ut9,unknown,web_406
uta,unknown,web_406
utb,unknown,web_406
utc,unknown,web_406
utd,unknown,web_406
ute,unknown,web_406
utf,unknown,web_406
utg,unknown,web_406
uth,unknown,web_406
uti,unknown,web_406
utj,unknown,web_406
utk,unknown,web_406
utl,unknown,web_406
utm,unknown,web_406
utn,unknown,web_406
uto,unknown,web_406
utp,unknown,web_406
utq,unknown,web_406
utr,unknown,web_406
uts,unknown,web_406
utt,unknown,web_406
utu,unknown,web_406
utv,unknown,web_406
utw,unknown,web_406
utx,unknown,web_406
uty,unknown,web_406
utz,unknown,web_406
uu0,unknown,web_406
uu1,unknown,web_406
uu2,unknown,web_406
uu3,unknown,web_406
uu4,unknown,web_406
uu5,unknown,web_406
uu6,unknown,web_406
uu7,unknown,web_406
uu8,unknown,web_406
uu9,unknown,web_406
uua,unknown,web_406
uub,available,web_404
uuc,unknown,web_406
uud,unknown,web_406
uue,unknown,web_406
uuf,unknown,web_406
uug,unknown,web_406
uuh,unknown,web_406
uui,unknown,web_406
uuj,unknown,web_406
uuk,unknown,web_406
uul,unknown,web_406
uum,unknown,web_406
uun,unknown,web_406
uuo,unknown,web_406
uup,unknown,web_406
uuq,unknown,web_406
uur,unknown,web_406
uus,unknown,web_406
uut,unknown,web_406
uuu,unknown,web_406
uuv,unknown,web_406
uuw,unknown,web_406
uux,unknown,web_406
uuy,unknown,web_406
uuz,available,web_404
uv0,unknown,web_406
uv1,unknown,web_406
uv2,unknown,web_406
uv3,unknown,web_406
uv4,unknown,web_406
uv5,available,web_404
uv6,unknown,web_406
uv7,unknown,web_406
uv8,unknown,web_406
uv9,unknown,web_406
uva,unknown,web_406
uvb,unknown,web_406
uvc,unknown,web_406
uvd,unknown,web_406
uve,unknown,web_406
uvf,unknown,web_406
uvg,unknown,web_406
uvh,unknown,web_406
uvi,unknown,web_406
uvj,unknown,web_406
uvk,unknown,web_406
uvl,unknown,web_406
uvm,unknown,web_406
uvn,unknown,web_406
uvo,unknown,web_406
uvp,unknown,web_406
uvq,unknown,web_406
uvr,unknown,web_406
uvs,unknown,web_406
uvt,unknown,web_406
uvu,unknown,web_406
uvv,unknown,web_406
uvw,unknown,web_406
uvx,unknown,web_406
uvy,unknown,web_406
uvz,unknown,web_406
uw0,unknown,web_406
uw1,unknown,web_406
uw2,unknown,web_406
uw3,unknown,web_406
uw4,unknown,web_406
uw5,unknown,web_406
uw6,unknown,web_406
uw7,unknown,web_406
uw8,available,web_404
uw9,unknown,web_406
uwa,unknown,web_406
uwb,unknown,web_406
uwc,unknown,web_406
uwd,unknown,web_406
uwe,unknown,web_406
uwf,unknown,web_406
uwg,unknown,web_406
uwh,unknown,web_406
uwi,unknown,web_406
uwj,unknown,web_406
uwk,unknown,web_406
uwl,unknown,web_406
uwm,unknown,web_406
uwn,unknown,web_406
uwo,unknown,web_406
uwp,available,web_404
uwq,unknown,web_406
uwr,unknown,web_406
uws,unknown,web_406
uwt,available,web_404
uwu,unknown,web_406
uwv,unknown,web_406
uww,unknown,web_406
uwx,unknown,web_406
uwy,unknown,web_406
uwz,unknown,web_406
ux0,unknown,web_406
ux1,unknown,web_406
ux2,unknown,web_406
ux3,unknown,web_406
ux4,unknown,web_406
ux5,available,web_404
ux6,available,web_404
ux7,unknown,web_406
ux8,unknown,web_406
ux9,unknown,web_406
uxa,unknown,web_406
uxb,unknown,web_406
uxc,unknown,web_406
uxd,unknown,web_406
uxe,unknown,web_406
uxf,unknown,web_406
uxg,unknown,web_406
uxh,unknown,web_406
uxi,unknown,web_406
uxj,unknown,web_406
uxk,unknown,web_406
uxl,unknown,web_406
uxm,unknown,web_406
uxn,unknown,web_406
uxo,unknown,web_406
uxp,unknown,web_406
uxq,unknown,web_406
uxr,unknown,web_406
uxs,unknown,web_406
uxt,unknown,web_406
uxu,unknown,web_406
uxv,unknown,web_406
uxw,unknown,web_406
uxx,unknown,web_406
uxy,unknown,web_406
uxz,unknown,web_406
uy0,available,web_404
uy1,unknown,web_406
uy2,unknown,web_406
uy3,unknown,web_406
uy4,unknown,web_406
uy5,unknown,web_406
uy6,available,web_404
uy7,unknown,web_406
uy8,unknown,web_406
uy9,available,web_404
uya,unknown,web_406
uyb,unknown,web_406
uyc,unknown,web_406
uyd,unknown,web_406
uye,unknown,web_406
uyf,unknown,web_406
uyg,unknown,web_406
uyh,unknown,web_406
uyi,unknown,web_406
uyj,unknown,web_406
uyk,unknown,web_406
uyl,unknown,web_406
uym,unknown,web_406
uyn,unknown,web_406
uyo,unknown,web_406
uyp,unknown,web_406
uyq,unknown,web_406
uyr,unknown,web_406
uys,unknown,web_406
uyt,unknown,web_406
uyu,unknown,web_406
uyv,unknown,web_406
uyw,unknown,web_406
uyx,unknown,web_406
uyy,available,web_404
uyz,unknown,web_406
uz0,unknown,web_406
uz1,unknown,web_406
uz2,unknown,web_406
uz3,unknown,web_406
uz4,unknown,web_406
uz5,available,web_404
uz6,unknown,web_406
uz7,unknown,web_406
uz8,available,web_404
uz9,unknown,web_406
uza,unknown,web_406
uzb,unknown,web_406
uzc,unknown,web_406
uzd,unknown,web_406
uze,unknown,web_406
uzf,unknown,web_406
uzg,unknown,web_406
uzh,unknown,web_406
uzi,unknown,web_406
uzj,unknown,web_406
uzk,unknown,web_406
uzl,unknown,web_406
uzm,unknown,web_406
uzn,unknown,web_406
uzo,unknown,web_406
uzp,unknown,web_406
uzq,unknown,web_406
uzr,unknown,web_406
uzs,unknown,web_406
uzt,unknown,web_406
uzu,unknown,web_406
uzv,unknown,web_406
uzw,unknown,web_406
uzx,unknown,web_406
uzy,unknown,web_406
uzz,unknown,web_406
